[{
  "_id": {
    "$oid": "6118dd32122dd94bccb447a1"
  },
  "name": "Watch",
  "meta": {
    "updateAt": {
      "$date": "2021-08-15T09:24:02.835Z"
    },
    "createAt": {
      "$date": "2021-08-15T09:13:00.118Z"
    }
  },
  "product": [],
  "__v": 0
},{
  "_id": {
    "$oid": "6118fc8e0ee23f23702107ff"
  },
  "name": "Toys",
  "meta": {
    "updateAt": {
      "$date": "2021-08-15T11:37:50.789Z"
    },
    "createAt": {
      "$date": "2021-08-15T11:30:59.201Z"
    }
  },
  "product": [],
  "__v": 0
},{
  "_id": {
    "$oid": "6118fc970ee23f2370210800"
  },
  "name": "clothes",
  "meta": {
    "updateAt": {
      "$date": "2021-08-15T11:37:59.880Z"
    },
    "createAt": {
      "$date": "2021-08-15T11:30:59.201Z"
    }
  },
  "product": [],
  "__v": 0
}]