[{
  "_id": {
    "$oid": "6118f6403a1c4a29a0673070"
  },
  "title": "clothes",
  "price": "$50",
  "inventory": 50,
  "photo": "C:\\Users\\wai\\Desktop\\shop-master\\image\\clothes.jpg",
  "summary": "Beautiful",
  "meta": {
    "updateAt": {
      "$date": "2021-08-15T11:36:16.382Z"
    },
    "createAt": {
      "$date": "2021-08-15T11:06:45.009Z"
    }
  },
  "__v": 0
},{
  "_id": {
    "$oid": "6118f9995594b26248a8e661"
  },
  "title": "Watch",
  "price": "$1,000",
  "inventory": 2,
  "photo": "C:\\Users\\wai\\Desktop\\shop-master\\image\\watch.jpg",
  "summary": "very good",
  "meta": {
    "updateAt": {
      "$date": "2021-08-15T11:25:13.865Z"
    },
    "createAt": {
      "$date": "2021-08-15T11:14:39.248Z"
    }
  },
  "__v": 0
},{
  "_id": {
    "$oid": "6118fc690ee23f23702107fe"
  },
  "title": "toy",
  "price": "$200",
  "inventory": 2,
  "photo": "C:\\Users\\wai\\Desktop\\shop-master\\image\\toy.jpg",
  "summary": "phone for children",
  "meta": {
    "updateAt": {
      "$date": "2021-08-15T11:37:13.561Z"
    },
    "createAt": {
      "$date": "2021-08-15T11:30:59.186Z"
    }
  },
  "__v": 0
}]